{"cameraMode":{"drawMode":0,"name":"Shaded","section":"Shading Mode"},"sceneLighting":true,"audioPlay":false,"sceneViewState":{"m_AlwaysRefresh":false,"showFog":false,"showSkybox":false,"showFlares":false,"showImageEffects":false,"showParticleSystems":false,"showVisualEffectGraphs":true,"m_FxEnabled":true},"in2DMode":false,"pivot":{"x":-0.2731721103191376,"y":-2.4887137413024904,"z":3.485109329223633},"rotation":{"x":0.14298880100250245,"y":-0.5766672492027283,"z":0.1051599532365799,"w":0.7987198233604431},"size":0.013294593431055546,"orthographic":false}