{"cameraMode":{"drawMode":0,"name":"Shaded","section":"Shading Mode"},"sceneLighting":true,"audioPlay":false,"sceneViewState":{"m_AlwaysRefresh":false,"showFog":false,"showSkybox":false,"showFlares":false,"showImageEffects":false,"showParticleSystems":false,"showVisualEffectGraphs":true,"m_FxEnabled":true},"in2DMode":false,"pivot":{"x":-0.7295295596122742,"y":4.008066654205322,"z":9.987671852111817},"rotation":{"x":0.04242858663201332,"y":-0.9518072605133057,"z":0.16067373752593995,"w":0.26214662194252016},"size":0.19223354756832124,"orthographic":false}