{"cameraMode":{"drawMode":0,"name":"Shaded","section":"Shading Mode"},"sceneLighting":true,"audioPlay":false,"sceneViewState":{"m_AlwaysRefresh":false,"showFog":false,"showSkybox":false,"showFlares":false,"showImageEffects":false,"showParticleSystems":false,"showVisualEffectGraphs":true,"m_FxEnabled":true},"in2DMode":false,"pivot":{"x":-0.7401795387268066,"y":-2.5015740394592287,"z":4.416763782501221},"rotation":{"x":0.03566484898328781,"y":0.7887070178985596,"z":0.044185396283864978,"w":-0.6138539910316467},"size":0.04764831066131592,"orthographic":false}